,0
0,No
1,No
2,No
3,Yes
4,Yes
5,No
6,No
7,Yes
8,No
9,Yes
10,Yes
11,No
12,Yes
13,No
14,No
15,No
16,Yes
17,No
18,No
19,No
20,No
21,No
22,No
23,No
24,No
25,No
26,Yes
27,No
28,No
29,Yes
30,Yes
31,No
32,No
33,Yes
34,No
35,No
36,No
37,No
38,Yes
39,No
40,No
41,No
42,Yes
43,No
44,Yes
45,No
46,No
47,No
48,No
49,No
50,No
51,No
52,Yes
53,Yes
54,No
55,No
56,No
57,No
58,No
59,Yes
60,Yes
61,No
62,No
63,Yes
64,No
65,No
66,Yes
67,No
68,No
69,No
70,Yes
71,No
72,Yes
73,No
74,No
75,Yes
76,Yes
77,No
78,No
79,No
80,No
81,No
82,No
83,No
84,Yes
85,No
86,Yes
87,Yes
88,No
89,No
90,No
91,No
92,No
93,No
94,Yes
95,No
96,No
97,Yes
98,No
99,No
100,No
101,No
102,No
103,No
104,No
105,No
106,No
107,Yes
108,No
109,No
110,Yes
111,No
112,No
113,No
114,No
115,No
116,No
117,Yes
118,No
119,Yes
120,No
121,Yes
122,No
123,No
124,No
125,No
126,Yes
127,No
128,Yes
129,No
130,No
131,No
132,No
133,Yes
134,Yes
135,Yes
136,No
137,No
138,No
139,No
140,No
141,No
142,Yes
143,Yes
144,Yes
145,No
146,No
147,No
148,No
149,No
150,Yes
151,No
152,No
153,No
154,No
155,No
156,Yes
157,No
158,No
159,Yes
160,No
161,Yes
162,No
163,No
164,No
165,No
166,No
167,No
168,No
169,No
170,Yes
171,No
172,No
173,Yes
174,No
175,No
176,No
177,No
178,No
179,No
180,Yes
181,No
182,No
183,Yes
184,No
185,No
186,No
187,Yes
188,Yes
189,No
190,No
191,Yes
192,No
193,No
194,No
195,No
196,No
197,No
198,No
199,No
200,No
201,No
202,No
203,No
204,No
205,No
206,Yes
207,No
208,No
209,No
210,No
211,No
212,Yes
213,No
214,No
215,No
216,No
217,Yes
218,No
219,No
220,No
221,No
222,No
223,Yes
224,No
225,No
226,No
227,Yes
228,No
229,Yes
230,No
231,No
232,No
233,No
234,No
235,No
236,No
237,No
238,No
239,No
240,No
241,Yes
242,No
243,Yes
244,Yes
245,No
246,No
247,No
248,No
249,Yes
250,No
251,No
252,No
253,No
254,No
255,Yes
256,No
257,No
258,No
259,Yes
260,Yes
261,No
262,Yes
263,No
264,Yes
265,No
266,No
267,Yes
268,No
269,No
270,No
271,No
272,No
273,No
274,No
275,No
276,No
277,Yes
278,No
279,No
280,Yes
281,No
282,No
283,No
284,Yes
285,Yes
286,No
287,No
288,No
289,No
290,Yes
291,No
292,No
293,No
294,No
295,Yes
296,Yes
297,Yes
298,No
299,No
300,No
301,No
302,Yes
303,No
304,No
305,No
306,Yes
307,No
308,No
309,No
310,No
311,No
312,Yes
313,No
314,Yes
315,No
316,Yes
317,Yes
318,No
319,No
320,Yes
321,No
322,Yes
323,No
324,No
325,Yes
326,No
327,No
328,No
329,Yes
330,No
331,No
332,No
333,No
334,No
335,No
336,No
337,Yes
338,No
339,No
340,No
341,Yes
342,No
343,Yes
344,Yes
345,No
346,Yes
347,No
348,No
349,No
350,No
351,No
352,No
353,No
354,Yes
355,Yes
356,No
357,No
358,Yes
359,No
360,No
361,No
362,No
363,No
364,Yes
365,No
366,Yes
367,No
368,Yes
369,No
370,Yes
371,No
372,No
373,Yes
374,No
375,No
376,No
377,No
378,No
379,No
380,Yes
381,No
382,No
383,No
384,No
385,No
386,No
387,No
388,No
389,No
390,No
391,No
392,No
393,Yes
394,Yes
395,No
396,No
397,No
398,No
399,Yes
400,No
401,Yes
402,No
403,Yes
404,No
405,No
406,No
407,Yes
408,No
409,No
410,No
411,Yes
412,No
413,No
414,No
415,No
416,No
417,No
418,No
419,Yes
420,No
421,No
422,Yes
423,No
424,No
425,No
426,No
427,No
428,No
429,No
430,No
431,No
432,No
433,No
434,No
435,No
436,No
437,No
438,No
439,Yes
440,No
441,No
442,No
443,No
444,No
445,No
446,No
447,No
448,Yes
449,No
450,No
451,No
452,No
453,No
454,Yes
455,No
456,No
457,Yes
458,No
459,Yes
460,No
461,Yes
462,Yes
463,Yes
464,No
465,No
466,Yes
467,Yes
468,No
469,No
470,Yes
471,No
472,No
473,No
474,No
475,Yes
476,No
477,No
478,No
479,Yes
480,No
481,No
482,No
483,No
484,No
485,No
486,No
487,No
488,Yes
489,No
490,Yes
491,No
492,Yes
493,Yes
494,Yes
495,No
496,Yes
497,No
498,No
499,No
500,No
501,No
502,No
503,No
504,No
505,No
506,No
507,Yes
508,No
509,No
510,Yes
511,No
512,No
513,Yes
514,No
515,No
516,Yes
517,No
518,No
519,No
520,No
521,No
522,No
523,No
524,No
525,No
526,No
527,No
528,No
529,No
530,Yes
531,No
532,No
533,Yes
534,No
535,No
536,No
537,No
538,No
539,No
540,No
541,No
542,No
543,No
544,No
545,No
546,No
547,Yes
548,No
549,No
550,Yes
551,Yes
552,No
553,No
554,Yes
555,Yes
556,No
557,No
558,Yes
559,No
560,Yes
561,No
562,No
563,Yes
564,Yes
565,No
566,No
567,Yes
568,No
569,No
570,No
571,No
572,No
573,Yes
574,Yes
575,No
576,No
577,Yes
578,No
579,No
580,Yes
581,Yes
582,No
583,No
584,Yes
585,No
586,No
587,Yes
588,No
589,No
590,No
591,No
592,No
593,No
594,No
595,No
596,No
597,No
598,Yes
599,No
600,Yes
601,Yes
602,No
603,No
604,No
605,No
606,No
607,No
608,Yes
609,No
610,No
611,No
612,No
613,No
614,Yes
615,No
616,No
617,No
618,Yes
619,Yes
620,No
621,No
622,Yes
623,No
624,No
625,No
626,Yes
627,No
628,No
629,No
630,No
631,No
632,Yes
633,No
634,Yes
635,No
636,No
637,No
638,Yes
639,Yes
640,Yes
641,No
642,No
643,No
644,No
645,No
646,No
647,No
648,No
649,No
650,No
651,No
652,No
653,No
654,No
655,No
656,Yes
657,Yes
658,No
659,No
660,No
661,No
662,No
663,No
664,No
665,No
666,No
667,No
668,No
669,No
670,Yes
671,No
672,No
673,No
674,No
675,No
676,No
677,No
678,No
679,No
680,Yes
681,No
682,No
683,Yes
684,Yes
685,Yes
686,No
687,No
688,No
689,No
690,Yes
691,No
692,No
693,Yes
694,No
695,Yes
696,No
697,No
698,No
699,Yes
700,No
701,No
702,No
703,No
704,No
705,Yes
706,No
707,Yes
708,No
709,No
710,Yes
711,No
712,No
713,No
714,No
715,Yes
716,Yes
717,Yes
718,No
719,No
720,Yes
721,No
722,No
723,No
724,Yes
725,No
726,No
727,Yes
728,Yes
729,No
730,No
731,Yes
732,No
733,Yes
734,Yes
735,No
736,No
737,No
738,No
739,No
740,Yes
741,No
742,Yes
743,No
744,No
745,No
746,No
747,No
748,No
749,No
750,Yes
751,No
752,No
753,Yes
754,Yes
755,No
756,No
757,No
758,No
759,No
760,Yes
761,Yes
762,No
763,No
764,No
765,No
766,No
767,Yes
768,No
769,No
770,No
771,No
772,No
773,No
774,No
775,No
776,No
777,No
778,Yes
779,No
780,No
781,No
782,Yes
783,Yes
784,Yes
785,No
786,No
787,No
788,No
789,No
790,Yes
791,No
792,Yes
793,Yes
794,No
795,No
796,Yes
797,No
798,No
799,No
800,No
801,Yes
802,Yes
803,No
804,No
805,No
806,Yes
807,Yes
808,No
809,No
810,No
811,No
812,No
813,No
814,Yes
815,Yes
816,No
817,No
818,Yes
819,Yes
820,No
821,No
822,No
823,No
824,No
825,No
826,No
827,No
828,No
829,No
830,No
831,No
832,Yes
833,No
834,Yes
835,No
836,Yes
837,No
838,Yes
839,No
840,Yes
841,No
842,No
843,No
844,Yes
845,No
846,No
847,No
848,No
849,No
850,No
851,No
852,No
853,No
854,No
855,No
856,No
857,No
858,Yes
859,Yes
860,No
861,No
862,No
863,Yes
864,Yes
865,No
866,Yes
867,Yes
868,No
869,Yes
870,No
871,No
872,No
873,Yes
874,No
875,Yes
876,No
877,No
878,No
879,Yes
880,No
881,No
882,Yes
883,No
884,Yes
885,No
886,Yes
887,No
888,No
889,Yes
890,No
891,No
892,No
893,No
894,No
895,Yes
896,No
897,No
898,No
899,Yes
900,No
901,No
902,No
903,No
904,Yes
905,No
906,No
907,No
908,No
909,No
910,Yes
911,No
912,Yes
913,No
914,No
915,No
916,Yes
917,No
918,Yes
919,No
920,No
921,Yes
922,Yes
923,No
924,No
925,No
926,Yes
927,No
928,No
929,No
930,No
931,Yes
932,No
933,No
934,No
935,No
936,Yes
937,No
938,Yes
939,No
940,No
941,Yes
942,No
943,Yes
944,No
945,No
946,No
947,No
948,No
949,Yes
950,No
951,No
952,No
953,Yes
954,No
955,Yes
956,No
957,No
958,Yes
959,No
960,No
961,No
962,No
963,No
964,No
965,No
966,Yes
967,Yes
968,No
969,Yes
970,Yes
971,No
972,No
973,Yes
974,No
975,No
976,No
977,No
978,No
979,No
980,No
981,No
982,No
983,No
984,No
985,No
986,No
987,No
988,Yes
989,No
990,No
991,No
992,No
993,No
994,No
995,No
996,No
997,No
998,No
999,Yes
1000,Yes
1001,No
1002,Yes
1003,Yes
1004,No
1005,No
1006,No
1007,Yes
1008,No
1009,No
1010,No
1011,No
1012,No
1013,No
1014,Yes
1015,No
1016,Yes
1017,No
1018,Yes
1019,No
1020,No
1021,No
1022,No
1023,No
1024,No
1025,No
1026,No
1027,Yes
1028,Yes
1029,No
1030,No
1031,No
1032,No
1033,Yes
1034,No
1035,Yes
1036,No
1037,No
1038,No
1039,No
1040,No
1041,No
1042,No
1043,No
1044,No
1045,No
1046,No
1047,No
1048,No
1049,No
1050,No
1051,No
1052,No
1053,No
1054,No
1055,Yes
1056,No
1057,No
1058,No
1059,No
1060,No
1061,Yes
1062,No
1063,No
1064,No
1065,No
1066,No
1067,No
1068,Yes
1069,No
1070,No
1071,No
1072,No
1073,No
1074,No
1075,No
1076,No
1077,Yes
1078,No
1079,Yes
1080,Yes
1081,Yes
1082,Yes
1083,Yes
1084,No
1085,Yes
1086,Yes
1087,No
1088,Yes
1089,No
1090,No
1091,No
1092,No
1093,No
1094,Yes
1095,No
1096,No
1097,No
1098,No
1099,No
1100,Yes
1101,No
1102,No
1103,Yes
1104,No
1105,Yes
1106,No
1107,No
1108,No
1109,Yes
1110,No
1111,No
1112,No
1113,No
1114,No
1115,No
1116,No
1117,No
1118,No
1119,No
1120,No
1121,No
1122,No
1123,No
1124,No
1125,No
1126,No
1127,Yes
1128,No
1129,No
1130,No
1131,No
1132,No
1133,No
1134,Yes
1135,No
1136,No
1137,No
1138,No
1139,No
1140,No
1141,No
1142,No
1143,No
1144,No
1145,Yes
1146,No
1147,No
1148,Yes
1149,Yes
1150,No
1151,No
1152,No
1153,Yes
1154,No
1155,No
1156,No
1157,No
1158,No
1159,Yes
1160,No
1161,No
1162,No
1163,Yes
1164,No
1165,No
1166,No
1167,No
1168,No
1169,No
1170,No
1171,Yes
1172,No
1173,No
1174,No
1175,Yes
1176,Yes
1177,No
1178,Yes
1179,No
1180,No
1181,Yes
1182,No
1183,No
1184,No
1185,No
1186,No
1187,No
1188,No
1189,Yes
1190,No
1191,No
1192,No
1193,No
1194,No
1195,No
1196,Yes
1197,No
1198,No
1199,No
1200,No
1201,No
1202,No
1203,No
1204,No
1205,Yes
1206,No
1207,No
1208,No
1209,No
1210,No
1211,No
1212,No
1213,No
1214,No
1215,Yes
1216,No
1217,No
1218,No
1219,No
1220,Yes
1221,No
1222,Yes
1223,No
1224,No
1225,No
1226,Yes
1227,No
1228,No
1229,No
1230,Yes
1231,No
1232,Yes
1233,Yes
1234,No
1235,Yes
1236,No
1237,Yes
1238,Yes
1239,No
1240,No
1241,Yes
1242,No
1243,Yes
1244,No
1245,Yes
1246,No
1247,No
1248,No
1249,No
1250,No
1251,No
1252,No
1253,Yes
1254,No
1255,No
1256,Yes
1257,Yes
1258,No
1259,No
1260,No
1261,No
1262,No
1263,Yes
1264,No
1265,No
1266,No
1267,No
1268,No
1269,No
1270,No
1271,Yes
1272,No
1273,No
1274,No
1275,Yes
1276,No
1277,No
1278,Yes
1279,No
1280,Yes
1281,No
1282,No
1283,No
1284,No
1285,Yes
1286,Yes
1287,Yes
1288,No
1289,No
1290,No
1291,Yes
1292,No
1293,No
1294,No
1295,No
1296,Yes
1297,No
1298,No
1299,No
1300,No
1301,No
1302,No
1303,No
1304,Yes
1305,No
1306,No
1307,No
1308,No
1309,No
1310,No
1311,No
1312,Yes
1313,No
1314,No
1315,Yes
1316,No
1317,No
1318,No
1319,No
1320,Yes
1321,No
1322,Yes
1323,No
1324,No
1325,No
1326,No
1327,No
1328,No
1329,No
1330,No
1331,Yes
1332,No
1333,Yes
1334,No
1335,Yes
1336,No
1337,No
1338,Yes
1339,Yes
1340,Yes
1341,No
1342,No
1343,No
1344,No
1345,No
1346,Yes
1347,No
1348,No
1349,No
1350,No
1351,No
1352,No
1353,No
1354,No
1355,Yes
1356,No
1357,No
1358,No
1359,No
1360,No
1361,Yes
1362,No
1363,No
1364,No
1365,Yes
1366,No
1367,Yes
1368,No
1369,No
1370,No
1371,No
1372,Yes
1373,No
1374,No
1375,No
1376,Yes
1377,No
1378,No
1379,No
1380,No
1381,Yes
1382,No
1383,Yes
1384,No
1385,No
1386,No
1387,Yes
1388,Yes
1389,No
1390,No
1391,Yes
1392,No
1393,No
1394,No
1395,No
1396,No
1397,No
1398,Yes
1399,No
1400,No
1401,Yes
1402,No
1403,No
1404,No
1405,Yes
1406,Yes
1407,No
1408,Yes
1409,No
1410,Yes
1411,No
1412,No
1413,No
1414,No
1415,Yes
1416,No
1417,No
1418,No
1419,No
1420,No
1421,No
1422,No
1423,Yes
1424,No
1425,Yes
1426,No
1427,No
1428,No
1429,Yes
1430,No
1431,No
1432,No
1433,Yes
1434,Yes
1435,Yes
1436,Yes
1437,No
1438,No
1439,Yes
1440,No
1441,Yes
1442,No
1443,No
1444,No
1445,No
1446,No
1447,No
1448,Yes
1449,Yes
1450,Yes
1451,Yes
1452,Yes
1453,No
1454,Yes
1455,No
1456,No
1457,Yes
1458,No
1459,No
1460,Yes
1461,No
1462,Yes
1463,No
1464,No
1465,No
1466,No
1467,No
1468,Yes
1469,No
1470,No
1471,No
1472,No
1473,Yes
1474,No
1475,No
1476,Yes
1477,Yes
1478,No
1479,Yes
1480,No
1481,No
1482,No
1483,No
1484,Yes
1485,No
1486,No
1487,Yes
1488,No
1489,No
1490,Yes
1491,No
1492,No
1493,Yes
1494,No
1495,No
1496,No
1497,No
1498,Yes
1499,No
1500,No
1501,No
1502,No
1503,No
1504,No
1505,No
1506,No
1507,No
1508,Yes
1509,Yes
1510,Yes
1511,Yes
1512,No
1513,No
1514,No
1515,No
1516,No
1517,No
1518,No
1519,No
1520,Yes
1521,No
1522,No
1523,Yes
1524,No
1525,Yes
1526,No
1527,No
1528,No
1529,No
1530,Yes
1531,No
1532,Yes
1533,Yes
1534,No
1535,Yes
1536,No
1537,No
1538,No
1539,No
1540,Yes
1541,No
1542,Yes
1543,No
1544,No
1545,No
1546,No
1547,No
1548,No
1549,Yes
1550,No
1551,No
1552,No
1553,Yes
1554,Yes
1555,No
1556,No
1557,No
1558,No
1559,No
1560,No
1561,No
1562,No
1563,No
1564,No
1565,No
1566,No
1567,No
1568,Yes
1569,No
1570,No
1571,No
1572,No
1573,Yes
1574,Yes
1575,No
1576,Yes
1577,No
1578,No
1579,Yes
1580,No
1581,No
1582,No
1583,Yes
1584,Yes
1585,Yes
1586,No
1587,No
1588,No
1589,No
1590,No
1591,No
1592,No
1593,No
1594,No
1595,No
1596,No
1597,No
1598,No
1599,Yes
1600,No
1601,No
1602,No
1603,No
1604,Yes
1605,No
1606,No
1607,No
1608,No
1609,No
1610,No
1611,No
1612,Yes
1613,No
1614,Yes
1615,No
1616,No
1617,No
1618,No
1619,No
1620,Yes
1621,Yes
1622,No
1623,No
1624,Yes
1625,No
1626,No
1627,No
1628,No
1629,No
1630,Yes
1631,Yes
1632,Yes
1633,No
1634,Yes
1635,Yes
1636,Yes
1637,No
1638,Yes
1639,No
1640,No
1641,Yes
1642,No
1643,No
1644,Yes
1645,Yes
1646,No
1647,Yes
1648,Yes
1649,No
1650,Yes
1651,No
1652,Yes
1653,No
1654,Yes
1655,No
1656,No
1657,Yes
1658,No
1659,Yes
1660,No
1661,No
1662,Yes
1663,No
1664,No
1665,Yes
1666,Yes
1667,No
1668,No
1669,No
1670,Yes
1671,No
1672,Yes
1673,No
1674,No
1675,Yes
1676,No
1677,No
1678,Yes
1679,No
1680,Yes
1681,No
1682,No
1683,No
1684,Yes
1685,No
1686,Yes
1687,No
1688,No
1689,No
1690,Yes
1691,No
1692,No
1693,No
1694,No
1695,Yes
1696,Yes
1697,No
1698,No
1699,No
1700,No
1701,Yes
1702,No
1703,No
1704,No
1705,No
1706,No
1707,Yes
1708,No
1709,No
1710,Yes
1711,No
1712,No
1713,No
1714,Yes
1715,No
1716,No
1717,No
1718,No
1719,No
1720,No
1721,No
1722,No
1723,Yes
1724,No
1725,No
1726,No
1727,No
1728,No
1729,No
1730,No
1731,No
1732,Yes
1733,No
1734,No
1735,No
1736,No
1737,Yes
1738,Yes
1739,Yes
1740,Yes
1741,Yes
1742,No
1743,No
1744,No
1745,Yes
1746,No
1747,No
1748,No
1749,Yes
1750,No
1751,Yes
1752,No
1753,No
1754,Yes
1755,No
1756,No
1757,Yes
1758,No
1759,No
1760,Yes
1761,Yes
1762,Yes
1763,No
1764,No
1765,No
1766,Yes
1767,Yes
1768,No
1769,No
1770,No
1771,No
1772,No
1773,No
1774,No
1775,No
1776,Yes
1777,No
1778,No
1779,No
1780,No
1781,No
1782,No
1783,Yes
1784,No
1785,Yes
1786,Yes
1787,No
1788,No
1789,Yes
1790,No
1791,No
1792,No
1793,No
1794,No
1795,No
1796,Yes
1797,No
1798,No
1799,Yes
1800,No
1801,No
1802,No
1803,No
1804,No
1805,No
1806,No
1807,Yes
1808,No
1809,No
1810,No
1811,No
1812,No
1813,No
1814,Yes
1815,Yes
1816,Yes
1817,No
1818,No
1819,No
1820,No
1821,No
1822,Yes
1823,Yes
1824,No
1825,No
1826,No
1827,No
1828,Yes
1829,No
1830,Yes
1831,No
1832,No
1833,No
1834,No
1835,No
1836,No
1837,No
1838,No
1839,No
1840,No
1841,No
1842,No
1843,No
1844,No
1845,No
1846,No
1847,Yes
1848,Yes
1849,Yes
1850,Yes
1851,No
1852,No
1853,Yes
1854,No
1855,No
1856,No
1857,No
1858,No
1859,No
1860,No
1861,No
1862,No
1863,Yes
1864,No
1865,No
1866,Yes
1867,No
1868,No
1869,No
1870,Yes
1871,No
1872,No
1873,Yes
1874,No
1875,Yes
1876,Yes
1877,Yes
1878,No
1879,No
1880,Yes
1881,Yes
1882,Yes
1883,No
1884,No
1885,No
1886,No
1887,No
1888,No
1889,No
1890,No
1891,No
1892,Yes
1893,No
1894,Yes
1895,Yes
1896,No
1897,No
1898,Yes
1899,No
1900,No
1901,No
1902,No
1903,No
1904,No
1905,No
1906,Yes
1907,No
1908,No
1909,No
1910,No
1911,Yes
1912,No
1913,No
1914,No
1915,Yes
1916,No
1917,No
1918,Yes
1919,No
1920,No
1921,No
1922,No
1923,Yes
1924,No
1925,Yes
1926,No
1927,No
1928,No
1929,Yes
1930,No
1931,No
1932,No
1933,No
1934,Yes
1935,No
1936,No
1937,No
1938,No
1939,No
1940,Yes
1941,No
1942,Yes
1943,No
1944,No
1945,Yes
1946,Yes
1947,No
1948,No
1949,No
1950,No
1951,No
1952,No
1953,No
1954,Yes
1955,No
1956,No
1957,No
1958,Yes
1959,No
1960,No
1961,Yes
1962,No
1963,Yes
1964,No
1965,No
1966,No
1967,No
1968,No
1969,No
1970,No
1971,No
1972,Yes
1973,No
1974,No
1975,Yes
1976,No
1977,No
1978,No
1979,No
1980,No
1981,No
1982,No
1983,No
1984,No
1985,No
1986,No
1987,Yes
1988,No
1989,No
1990,Yes
1991,Yes
1992,No
1993,No
1994,No
1995,Yes
1996,No
1997,No
1998,No
1999,Yes
2000,No
2001,No
2002,Yes
2003,Yes
2004,Yes
2005,No
2006,No
2007,No
2008,Yes
2009,Yes
2010,No
2011,No
2012,No
2013,Yes
2014,No
2015,Yes
2016,No
2017,Yes
2018,No
2019,Yes
2020,No
2021,No
2022,No
2023,No
2024,No
2025,Yes
2026,No
2027,No
2028,No
2029,No
2030,No
2031,No
2032,Yes
2033,No
2034,No
2035,No
2036,No
2037,No
2038,No
2039,No
2040,Yes
2041,No
2042,No
2043,No
2044,Yes
2045,No
2046,Yes
2047,No
2048,Yes
2049,No
2050,No
2051,Yes
2052,No
2053,No
2054,Yes
2055,No
2056,No
2057,No
2058,No
2059,Yes
2060,Yes
2061,Yes
2062,Yes
2063,Yes
2064,No
2065,No
2066,No
2067,Yes
2068,No
2069,No
2070,No
2071,No
2072,Yes
2073,No
2074,No
2075,No
2076,No
2077,No
2078,No
2079,Yes
2080,Yes
2081,No
2082,Yes
2083,No
2084,No
2085,No
2086,No
2087,No
2088,Yes
2089,Yes
2090,No
2091,Yes
2092,No
2093,Yes
2094,Yes
2095,No
2096,No
2097,No
2098,Yes
2099,No
2100,No
2101,Yes
2102,Yes
2103,No
2104,Yes
2105,No
2106,No
2107,No
2108,Yes
2109,No
2110,Yes
2111,Yes
2112,No
2113,No
2114,No
2115,No
2116,No
2117,No
2118,No
2119,No
2120,Yes
2121,Yes
2122,No
2123,No
2124,No
2125,Yes
2126,No
2127,No
2128,No
2129,Yes
2130,No
2131,No
2132,No
2133,No
2134,No
2135,No
2136,No
2137,No
2138,No
2139,No
2140,No
2141,No
2142,No
2143,No
2144,No
2145,No
2146,No
2147,Yes
2148,No
2149,No
2150,No
2151,Yes
2152,Yes
2153,Yes
2154,No
2155,No
2156,No
2157,No
2158,Yes
2159,Yes
2160,No
2161,No
2162,No
2163,No
2164,No
2165,No
2166,No
2167,No
2168,No
2169,No
2170,No
2171,No
2172,No
2173,Yes
2174,No
2175,No
2176,Yes
2177,Yes
2178,No
2179,No
2180,Yes
2181,No
2182,No
2183,Yes
2184,No
2185,No
2186,Yes
2187,Yes
2188,Yes
2189,Yes
2190,No
2191,No
2192,No
2193,No
2194,No
2195,Yes
2196,Yes
2197,No
2198,No
2199,No
2200,Yes
2201,Yes
2202,Yes
2203,No
2204,No
2205,No
2206,No
2207,Yes
2208,No
2209,No
2210,No
2211,No
2212,No
2213,Yes
2214,No
2215,No
2216,No
2217,No
2218,No
2219,Yes
2220,Yes
2221,No
2222,Yes
2223,No
2224,No
2225,Yes
2226,No
2227,No
2228,No
2229,No
2230,No
2231,No
2232,No
2233,No
2234,Yes
2235,No
2236,Yes
2237,No
2238,No
2239,No
2240,No
2241,No
2242,No
2243,No
2244,No
2245,No
2246,Yes
2247,Yes
2248,No
2249,No
2250,No
2251,Yes
2252,No
2253,No
2254,No
2255,No
2256,No
2257,No
2258,No
2259,No
2260,No
2261,No
2262,No
2263,No
2264,Yes
2265,No
2266,No
2267,No
2268,Yes
2269,No
2270,Yes
2271,Yes
2272,Yes
2273,No
2274,No
2275,No
2276,Yes
2277,No
2278,No
2279,Yes
2280,Yes
2281,No
2282,No
2283,No
2284,No
2285,No
2286,No
2287,Yes
2288,No
2289,Yes
2290,No
2291,No
2292,No
2293,No
2294,No
2295,Yes
2296,Yes
2297,No
2298,No
2299,No
2300,Yes
2301,No
2302,No
2303,No
2304,Yes
2305,Yes
2306,No
2307,No
2308,Yes
2309,No
2310,No
2311,No
2312,No
2313,No
2314,No
2315,No
2316,No
2317,No
2318,No
2319,No
2320,No
2321,No
2322,No
2323,Yes
2324,No
2325,No
2326,No
2327,No
2328,No
2329,No
2330,Yes
2331,Yes
2332,No
2333,Yes
2334,No
2335,No
2336,Yes
2337,No
2338,Yes
2339,No
2340,No
2341,No
2342,Yes
2343,Yes
2344,Yes
2345,No
2346,No
2347,No
2348,Yes
2349,No
2350,Yes
2351,No
2352,No
2353,No
2354,No
2355,No
2356,Yes
2357,No
2358,No
2359,No
2360,Yes
2361,No
2362,No
2363,No
2364,No
2365,No
2366,Yes
2367,No
2368,No
2369,Yes
2370,No
2371,Yes
2372,No
2373,Yes
2374,Yes
2375,Yes
2376,No
2377,No
2378,No
2379,No
2380,No
2381,No
2382,No
2383,No
2384,No
2385,Yes
2386,No
2387,No
2388,Yes
2389,No
2390,Yes
2391,No
2392,Yes
2393,No
2394,No
2395,Yes
2396,No
2397,No
2398,No
2399,No
2400,Yes
2401,No
2402,Yes
2403,No
2404,Yes
2405,No
2406,No
2407,No
2408,Yes
2409,No
2410,No
2411,No
2412,No
2413,No
2414,No
2415,No
2416,No
2417,No
2418,No
2419,Yes
2420,No
2421,No
2422,No
2423,No
2424,No
2425,Yes
2426,Yes
2427,Yes
2428,No
2429,No
2430,No
2431,No
2432,No
2433,Yes
2434,Yes
2435,No
2436,No
2437,Yes
2438,Yes
2439,No
2440,No
2441,Yes
2442,No
2443,Yes
2444,No
2445,No
2446,No
2447,No
2448,Yes
2449,No
2450,No
2451,No
2452,Yes
2453,No
2454,No
2455,No
2456,Yes
2457,No
2458,No
2459,Yes
2460,No
2461,No
2462,No
2463,No
2464,Yes
2465,No
2466,No
2467,No
2468,No
2469,No
2470,No
2471,No
2472,No
2473,Yes
2474,No
2475,No
2476,No
2477,No
2478,Yes
2479,No
2480,No
2481,Yes
2482,No
2483,Yes
2484,No
2485,No
2486,No
2487,No
2488,No
2489,No
2490,No
2491,No
2492,No
2493,No
2494,No
2495,No
2496,No
2497,Yes
2498,No
2499,No
2500,No
2501,Yes
2502,No
2503,Yes
2504,No
2505,Yes
2506,No
2507,Yes
2508,Yes
2509,No
2510,No
2511,No
2512,No
2513,No
2514,No
2515,No
2516,No
2517,No
2518,No
2519,No
2520,Yes
2521,Yes
2522,No
2523,No
2524,No
2525,No
2526,No
2527,No
2528,No
2529,No
2530,No
2531,No
2532,Yes
2533,Yes
2534,No
2535,Yes
2536,No
2537,No
2538,No
2539,No
2540,No
2541,No
2542,Yes
2543,No
2544,No
2545,No
2546,No
2547,Yes
2548,No
2549,Yes
2550,Yes
2551,No
2552,No
2553,No
2554,Yes
2555,No
2556,No
2557,No
2558,Yes
2559,No
2560,No
2561,No
2562,No
2563,No
2564,No
2565,Yes
2566,No
2567,Yes
2568,No
2569,No
2570,Yes
2571,No
2572,No
2573,Yes
2574,No
2575,No
2576,No
2577,No
2578,No
2579,No
2580,No
2581,No
2582,Yes
2583,No
2584,No
2585,Yes
2586,Yes
2587,No
2588,No
2589,Yes
2590,No
2591,Yes
2592,No
2593,Yes
2594,No
2595,No
2596,Yes
2597,No
2598,No
2599,Yes
2600,No
2601,No
2602,No
2603,Yes
2604,No
2605,Yes
2606,No
2607,Yes
2608,Yes
2609,Yes
2610,No
2611,No
2612,Yes
2613,No
2614,No
2615,Yes
2616,Yes
2617,No
2618,No
2619,No
2620,No
2621,Yes
2622,Yes
2623,Yes
2624,No
2625,No
2626,No
2627,No
2628,No
2629,No
2630,No
2631,Yes
2632,No
2633,No
2634,No
2635,Yes
2636,No
2637,Yes
2638,Yes
2639,No
2640,No
2641,No
2642,No
2643,No
2644,No
2645,Yes
2646,No
2647,No
2648,No
2649,No
2650,No
2651,Yes
2652,Yes
2653,No
2654,No
2655,No
2656,Yes
2657,Yes
2658,Yes
2659,Yes
2660,Yes
2661,No
2662,No
2663,No
2664,No
2665,No
2666,No
2667,Yes
2668,No
2669,No
2670,No
2671,Yes
2672,No
2673,No
2674,No
2675,Yes
2676,Yes
2677,No
2678,No
2679,No
2680,Yes
2681,No
2682,No
2683,No
2684,No
2685,No
2686,No
2687,No
2688,Yes
2689,No
2690,No
2691,Yes
2692,No
2693,No
2694,No
2695,No
2696,Yes
2697,No
2698,No
2699,No
2700,No
2701,No
2702,No
2703,No
2704,No
2705,No
2706,No
2707,Yes
2708,No
2709,No
2710,Yes
2711,No
2712,Yes
2713,No
2714,Yes
2715,Yes
2716,No
2717,No
2718,No
2719,No
2720,No
2721,Yes
2722,No
2723,No
2724,No
2725,No
2726,No
2727,No
2728,Yes
2729,No
2730,No
2731,No
2732,No
2733,No
2734,Yes
2735,Yes
2736,No
2737,No
2738,No
2739,No
2740,No
2741,Yes
2742,No
2743,No
2744,No
2745,No
2746,Yes
2747,No
2748,No
2749,No
2750,No
2751,No
2752,Yes
2753,No
2754,Yes
2755,No
2756,No
2757,No
2758,No
2759,No
2760,Yes
2761,No
2762,Yes
2763,No
2764,No
2765,No
2766,No
2767,No
2768,Yes
2769,Yes
2770,Yes
2771,No
2772,Yes
2773,No
2774,No
2775,No
2776,No
2777,No
2778,No
2779,No
2780,No
2781,No
2782,No
2783,Yes
2784,No
2785,No
2786,No
2787,No
2788,No
2789,No
2790,No
2791,No
2792,Yes
2793,No
2794,No
2795,Yes
2796,No
2797,No
2798,No
2799,Yes
2800,Yes
2801,No
2802,No
2803,No
2804,No
2805,No
2806,No
2807,No
2808,No
2809,No
2810,Yes
2811,Yes
2812,Yes
2813,Yes
2814,No
2815,No
2816,Yes
2817,No
2818,No
2819,No
2820,Yes
2821,No
2822,Yes
2823,No
2824,Yes
2825,No
2826,No
2827,Yes
2828,No
2829,No
2830,No
2831,No
2832,No
2833,No
2834,No
2835,No
2836,No
2837,No
2838,No
2839,No
2840,Yes
2841,No
2842,No
2843,No
2844,No
2845,No
2846,No
2847,Yes
2848,No
2849,No
2850,No
2851,No
2852,No
2853,No
2854,No
2855,Yes
2856,No
2857,Yes
2858,Yes
2859,No
2860,Yes
2861,No
2862,No
2863,No
2864,No
2865,No
2866,No
2867,No
2868,Yes
2869,Yes
2870,Yes
2871,No
2872,No
2873,No
2874,Yes
2875,No
2876,No
2877,No
2878,No
2879,Yes
2880,No
2881,Yes
2882,No
2883,Yes
2884,Yes
2885,No
2886,No
2887,No
2888,No
2889,Yes
2890,Yes
2891,No
2892,No
2893,Yes
2894,Yes
2895,Yes
2896,No
2897,No
2898,No
2899,No
2900,No
2901,No
2902,No
2903,No
2904,No
2905,No
2906,No
2907,No
2908,No
2909,No
2910,Yes
2911,Yes
2912,Yes
2913,Yes
2914,No
2915,Yes
2916,Yes
2917,No
2918,Yes
2919,No
2920,No
2921,Yes
2922,No
2923,No
2924,No
2925,No
2926,No
2927,Yes
2928,No
2929,No
2930,Yes
2931,No
2932,Yes
2933,Yes
2934,Yes
2935,No
2936,No
2937,No
2938,No
2939,Yes
2940,No
2941,No
2942,Yes
2943,No
2944,No
2945,Yes
2946,No
2947,Yes
2948,No
2949,No
2950,No
2951,Yes
2952,No
2953,No
2954,No
2955,No
2956,Yes
2957,Yes
2958,No
2959,Yes
2960,No
2961,No
2962,Yes
2963,No
2964,No
2965,No
2966,No
2967,No
2968,No
2969,No
2970,No
2971,No
2972,No
2973,Yes
2974,Yes
2975,No
2976,No
2977,No
2978,No
2979,No
2980,No
2981,Yes
2982,No
2983,No
2984,No
2985,No
2986,No
2987,Yes
2988,No
2989,No
2990,No
2991,No
2992,No
2993,No
2994,No
2995,No
2996,Yes
2997,No
2998,No
2999,No
3000,No
3001,Yes
3002,No
3003,No
3004,Yes
3005,Yes
3006,No
3007,Yes
3008,No
3009,No
3010,Yes
3011,No
3012,No
3013,No
3014,No
3015,No
3016,No
3017,Yes
3018,No
3019,Yes
3020,No
3021,Yes
3022,No
3023,No
3024,No
3025,No
3026,No
3027,No
3028,Yes
3029,No
3030,No
3031,No
3032,No
3033,No
3034,No
3035,No
3036,No
3037,No
3038,No
3039,No
3040,No
3041,No
3042,No
3043,Yes
3044,Yes
3045,No
3046,No
3047,No
3048,No
3049,No
3050,No
3051,No
3052,No
3053,Yes
3054,No
3055,No
3056,No
3057,No
3058,No
3059,No
3060,No
3061,Yes
3062,No
3063,Yes
3064,No
3065,No
3066,Yes
3067,No
3068,No
3069,Yes
3070,No
3071,No
3072,Yes
3073,No
3074,Yes
3075,No
3076,No
3077,No
3078,No
3079,No
3080,Yes
3081,No
3082,No
3083,Yes
3084,Yes
3085,Yes
3086,No
3087,No
3088,No
3089,No
3090,No
3091,No
3092,Yes
3093,No
3094,No
3095,No
3096,No
3097,Yes
3098,Yes
3099,No
3100,Yes
3101,No
3102,Yes
3103,No
3104,No
3105,Yes
3106,No
3107,Yes
3108,Yes
3109,Yes
3110,No
3111,No
3112,Yes
3113,No
3114,Yes
3115,Yes
3116,No
3117,No
3118,No
3119,No
3120,No
3121,Yes
3122,No
3123,No
3124,Yes
3125,No
3126,No
3127,No
3128,No
3129,No
3130,No
3131,No
3132,No
3133,No
3134,Yes
3135,No
3136,No
3137,No
3138,Yes
3139,Yes
3140,No
3141,Yes
3142,No
3143,Yes
3144,Yes
3145,No
3146,Yes
3147,No
3148,No
3149,No
3150,No
3151,No
3152,No
3153,No
3154,No
3155,No
3156,No
3157,No
3158,No
3159,No
3160,No
3161,Yes
3162,No
3163,No
3164,No
3165,No
3166,No
3167,Yes
3168,No
3169,Yes
3170,Yes
3171,No
3172,No
3173,Yes
3174,No
3175,No
3176,No
3177,No
3178,Yes
3179,Yes
3180,No
3181,Yes
3182,No
3183,No
3184,No
3185,Yes
3186,No
3187,No
3188,Yes
3189,No
3190,No
3191,No
3192,Yes
3193,No
3194,Yes
3195,No
3196,Yes
3197,No
3198,No
3199,No
3200,No
3201,Yes
3202,No
3203,No
3204,Yes
3205,No
3206,No
3207,Yes
3208,Yes
3209,No
3210,Yes
3211,Yes
3212,Yes
3213,No
3214,Yes
3215,No
3216,No
3217,No
3218,Yes
3219,No
3220,No
3221,No
3222,No
3223,Yes
3224,No
3225,No
3226,No
3227,No
3228,Yes
3229,Yes
3230,No
3231,Yes
3232,No
3233,No
3234,Yes
3235,No
3236,No
3237,No
3238,No
3239,No
3240,No
3241,No
3242,Yes
3243,Yes
3244,No
3245,Yes
3246,No
3247,No
3248,No
3249,No
3250,No
3251,No
3252,No
3253,Yes
3254,No
3255,No
3256,No
3257,No
3258,No
3259,No
3260,No
3261,Yes
3262,Yes
3263,Yes
3264,No
3265,No
3266,No
3267,No
3268,Yes
3269,Yes
3270,No
3271,Yes
3272,Yes
3273,Yes
3274,No
3275,Yes
3276,No
3277,No
3278,No
3279,No
3280,Yes
3281,No
3282,No
3283,No
3284,Yes
3285,No
3286,No
3287,No
3288,No
3289,No
3290,No
3291,No
3292,No
3293,No
3294,No
3295,No
3296,No
3297,No
3298,No
3299,No
3300,No
3301,No
3302,No
3303,Yes
3304,Yes
3305,Yes
3306,No
3307,No
3308,Yes
3309,No
3310,No
3311,No
3312,Yes
3313,No
3314,No
3315,Yes
3316,No
3317,No
3318,No
3319,No
3320,No
3321,No
3322,No
3323,No
3324,No
3325,Yes
3326,No
3327,No
3328,No
3329,Yes
3330,No
3331,No
3332,No
3333,No
3334,Yes
3335,No
3336,No
3337,No
3338,No
3339,No
3340,No
3341,Yes
3342,No
3343,No
3344,No
3345,No
3346,Yes
3347,No
3348,No
3349,Yes
3350,No
3351,No
3352,No
3353,No
3354,Yes
3355,No
3356,No
3357,No
3358,No
3359,No
3360,Yes
3361,No
3362,Yes
3363,No
3364,No
3365,No
3366,No
3367,No
3368,Yes
3369,No
3370,Yes
3371,No
3372,Yes
3373,No
3374,No
3375,No
3376,No
3377,No
3378,No
3379,No
3380,Yes
3381,No
3382,No
3383,No
3384,No
3385,No
3386,No
3387,Yes
3388,Yes
3389,Yes
3390,No
3391,No
3392,No
3393,No
3394,No
3395,No
3396,Yes
3397,No
3398,Yes
3399,No
3400,No
3401,No
3402,No
3403,No
3404,Yes
3405,No
3406,Yes
3407,No
3408,Yes
3409,No
3410,No
3411,No
3412,No
3413,No
3414,No
3415,No
3416,Yes
3417,No
3418,No
3419,No
3420,No
3421,No
3422,No
3423,No
3424,Yes
3425,Yes
3426,No
3427,No
3428,Yes
3429,No
3430,No
3431,No
3432,No
3433,No
3434,No
3435,No
3436,No
3437,No
3438,Yes
3439,No
3440,No
3441,No
3442,Yes
3443,No
3444,No
3445,No
3446,Yes
3447,No
3448,No
3449,Yes
3450,No
3451,No
3452,Yes
3453,No
3454,Yes
3455,No
3456,No
3457,No
3458,No
3459,Yes
3460,Yes
3461,No
3462,Yes
3463,No
3464,No
3465,No
3466,No
3467,Yes
3468,No
3469,No
3470,No
3471,No
3472,No
3473,No
3474,No
3475,No
3476,No
3477,No
3478,No
3479,No
3480,No
3481,No
3482,No
3483,Yes
3484,No
3485,No
3486,No
3487,Yes
3488,No
3489,Yes
3490,No
3491,No
3492,No
3493,No
3494,No
3495,No
3496,No
3497,No
3498,No
3499,Yes
3500,No
3501,No
3502,No
3503,No
3504,No
3505,Yes
3506,No
3507,No
3508,No
3509,Yes
3510,Yes
3511,No
3512,Yes
3513,Yes
3514,Yes
3515,No
3516,No
3517,No
3518,No
3519,Yes
3520,No
3521,Yes
3522,No
3523,No
3524,No
3525,No
3526,No
3527,No
3528,Yes
3529,No
3530,No
3531,No
3532,No
3533,Yes
3534,No
3535,No
3536,No
3537,No
3538,No
3539,Yes
3540,No
3541,No
3542,No
3543,No
3544,No
3545,Yes
3546,No
3547,No
3548,No
3549,Yes
3550,No
3551,Yes
3552,No
3553,No
3554,No
3555,No
3556,Yes
3557,No
3558,No
3559,No
3560,Yes
3561,Yes
3562,No
3563,Yes
3564,No
3565,No
3566,No
3567,No
3568,No
3569,No
3570,Yes
3571,No
3572,No
3573,No
3574,No
3575,No
3576,No
3577,No
3578,No
3579,No
3580,No
3581,No
3582,Yes
3583,No
3584,No
3585,No
3586,No
3587,Yes
3588,No
3589,Yes
3590,No
3591,No
3592,No
3593,Yes
3594,No
3595,Yes
3596,No
3597,Yes
3598,No
3599,No
3600,Yes
3601,No
3602,No
3603,No
3604,Yes
3605,No
3606,No
3607,No
3608,Yes
3609,No
3610,No
3611,No
3612,No
3613,No
3614,No
3615,No
3616,No
3617,Yes
3618,Yes
3619,No
3620,No
3621,No
3622,Yes
3623,No
3624,No
3625,No
3626,No
3627,No
3628,No
3629,Yes
3630,No
3631,Yes
3632,Yes
3633,No
3634,No
3635,No
3636,No
3637,Yes
3638,Yes
3639,No
3640,No
3641,No
3642,Yes
3643,No
3644,Yes
3645,Yes
3646,No
3647,No
3648,No
3649,No
3650,No
3651,No
3652,No
3653,Yes
3654,Yes
3655,No
3656,Yes
3657,Yes
3658,Yes
3659,No
3660,Yes
3661,No
3662,No
3663,No
3664,No
3665,No
3666,Yes
3667,No
3668,No
3669,No
3670,Yes
3671,No
3672,Yes
3673,No
3674,No
3675,No
3676,No
3677,No
3678,No
3679,No
3680,No
3681,No
3682,No
3683,Yes
3684,No
3685,No
3686,No
3687,No
3688,No
3689,No
3690,No
3691,No
3692,No
3693,No
3694,No
3695,No
3696,No
3697,No
3698,No
3699,No
3700,Yes
3701,No
3702,No
3703,No
3704,No
3705,No
3706,Yes
3707,No
3708,No
3709,No
3710,No
3711,No
3712,No
3713,No
3714,No
3715,Yes
3716,No
3717,No
3718,No
3719,Yes
3720,No
3721,No
3722,No
3723,Yes
3724,No
3725,No
3726,Yes
3727,Yes
3728,No
3729,Yes
3730,No
3731,No
3732,No
3733,No
3734,No
3735,Yes
3736,No
3737,No
3738,No
3739,No
3740,No
3741,No
3742,No
3743,No
3744,Yes
3745,No
3746,No
3747,No
3748,Yes
3749,No
3750,No
3751,No
3752,Yes
3753,No
3754,Yes
3755,No
3756,Yes
3757,No
3758,No
3759,No
3760,No
3761,Yes
3762,No
3763,No
3764,No
3765,No
3766,Yes
3767,No
3768,No
3769,No
3770,Yes
3771,No
3772,No
3773,Yes
3774,No
3775,No
3776,No
3777,No
3778,No
3779,No
3780,No
3781,No
3782,No
3783,No
3784,No
3785,Yes
3786,Yes
3787,No
3788,No
3789,No
3790,Yes
3791,No
3792,No
3793,No
3794,No
3795,No
3796,No
3797,No
3798,No
3799,No
3800,Yes
3801,No
3802,No
3803,No
3804,No
3805,No
3806,No
3807,No
3808,No
3809,Yes
3810,Yes
3811,Yes
3812,No
3813,No
3814,No
3815,No
3816,No
3817,No
3818,Yes
3819,Yes
3820,Yes
3821,Yes
3822,Yes
3823,No
3824,Yes
3825,Yes
3826,Yes
3827,Yes
3828,Yes
3829,No
3830,Yes
3831,No
3832,No
3833,No
3834,No
3835,Yes
3836,Yes
3837,No
3838,No
3839,No
3840,No
3841,Yes
3842,Yes
3843,No
3844,No
3845,No
3846,Yes
3847,No
3848,No
3849,Yes
3850,No
3851,No
3852,No
3853,No
3854,No
3855,No
3856,No
3857,No
3858,Yes
3859,No
3860,No
3861,No
3862,No
3863,No
3864,No
3865,Yes
3866,Yes
3867,No
3868,Yes
3869,No
3870,No
3871,No
3872,Yes
3873,Yes
3874,No
3875,No
3876,No
3877,Yes
3878,No
3879,Yes
3880,No
3881,No
3882,No
3883,No
3884,No
3885,No
3886,Yes
3887,No
3888,No
3889,No
3890,No
3891,No
3892,Yes
3893,No
3894,No
3895,Yes
3896,No
3897,No
3898,No
3899,No
3900,No
3901,No
3902,Yes
3903,No
3904,No
3905,No
3906,No
3907,Yes
3908,No
3909,No
3910,No
3911,No
3912,No
3913,No
3914,Yes
3915,No
3916,Yes
3917,No
3918,Yes
3919,No
3920,No
3921,No
3922,Yes
3923,Yes
3924,Yes
3925,Yes
3926,No
3927,No
3928,Yes
3929,Yes
3930,No
3931,No
3932,No
3933,No
3934,No
3935,Yes
3936,No
3937,No
3938,No
3939,No
3940,No
3941,No
3942,No
3943,No
3944,No
3945,No
3946,No
3947,No
3948,Yes
3949,Yes
3950,No
3951,No
3952,No
3953,No
3954,No
3955,No
3956,No
3957,No
3958,Yes
3959,No
3960,No
3961,No
3962,No
3963,No
3964,No
3965,No
3966,No
3967,No
3968,Yes
3969,Yes
3970,No
3971,No
3972,No
3973,No
3974,No
3975,No
3976,No
3977,No
3978,Yes
3979,No
3980,Yes
3981,No
3982,No
3983,No
3984,Yes
3985,No
3986,Yes
3987,No
3988,Yes
3989,No
3990,No
3991,Yes
3992,No
3993,No
3994,No
3995,No
3996,No
3997,No
3998,No
3999,No
4000,No
4001,No
4002,Yes
4003,No
4004,No
4005,No
4006,No
4007,No
4008,No
4009,No
4010,No
4011,Yes
4012,No
4013,No
4014,Yes
4015,Yes
4016,No
4017,No
4018,No
4019,No
4020,Yes
4021,No
4022,No
4023,Yes
4024,No
4025,No
4026,Yes
4027,No
4028,Yes
4029,No
4030,No
4031,No
4032,No
4033,No
4034,Yes
4035,No
4036,No
4037,Yes
4038,No
4039,No
4040,Yes
4041,No
4042,No
4043,No
4044,No
4045,No
4046,No
4047,Yes
4048,No
4049,No
4050,No
4051,No
4052,No
4053,No
4054,No
4055,No
4056,No
4057,No
4058,No
4059,No
4060,No
4061,No
4062,Yes
4063,No
4064,No
4065,Yes
4066,No
4067,No
4068,No
4069,No
4070,Yes
4071,Yes
4072,Yes
4073,Yes
4074,Yes
4075,Yes
4076,No
4077,Yes
4078,No
4079,No
4080,No
4081,No
4082,No
4083,No
4084,No
4085,No
4086,No
4087,Yes
4088,No
4089,Yes
4090,Yes
4091,Yes
4092,No
4093,No
4094,No
4095,Yes
4096,Yes
4097,No
4098,Yes
4099,Yes
4100,No
4101,No
4102,Yes
4103,No
4104,No
4105,No
4106,No
4107,No
4108,Yes
4109,No
4110,No
4111,No
4112,No
4113,Yes
4114,Yes
4115,No
4116,Yes
4117,No
4118,Yes
4119,Yes
4120,No
4121,Yes
4122,No
4123,No
4124,No
4125,No
4126,Yes
4127,No
4128,Yes
4129,No
4130,No
4131,No
4132,No
4133,Yes
4134,No
4135,Yes
4136,Yes
4137,No
4138,Yes
4139,No
4140,No
4141,Yes
4142,Yes
4143,No
4144,Yes
4145,No
4146,No
4147,No
4148,No
4149,Yes
4150,No
4151,No
4152,No
4153,No
4154,No
4155,Yes
4156,Yes
4157,Yes
4158,No
4159,No
4160,Yes
4161,No
4162,No
4163,Yes
4164,No
4165,No
4166,No
4167,No
4168,Yes
4169,No
4170,Yes
4171,No
4172,Yes
4173,Yes
4174,No
4175,Yes
4176,No
4177,Yes
4178,No
4179,No
4180,No
4181,Yes
4182,Yes
4183,No
4184,No
4185,No
4186,No
4187,No
4188,No
4189,Yes
4190,No
4191,Yes
4192,No
4193,No
4194,No
4195,No
4196,No
4197,No
4198,No
4199,No
4200,No
4201,No
4202,No
4203,No
4204,No
4205,No
4206,No
4207,Yes
4208,No
4209,No
4210,No
4211,Yes
4212,No
4213,No
4214,No
4215,No
4216,No
4217,No
4218,No
4219,No
4220,No
4221,No
4222,Yes
4223,No
4224,No
4225,No
4226,No
4227,No
4228,No
4229,Yes
4230,Yes
4231,Yes
4232,No
4233,No
4234,No
4235,No
4236,No
4237,Yes
4238,Yes
4239,Yes
4240,No
4241,Yes
4242,Yes
4243,No
4244,No
4245,Yes
4246,No
4247,No
4248,No
4249,No
4250,Yes
4251,No
4252,No
4253,No
4254,No
4255,No
4256,No
4257,Yes
4258,No
4259,Yes
4260,Yes
4261,No
4262,Yes
4263,No
4264,Yes
4265,No
4266,No
4267,No
4268,No
4269,No
4270,No
4271,No
4272,No
4273,Yes
4274,No
4275,No
4276,No
4277,No
4278,No
4279,No
4280,Yes
4281,No
4282,Yes
4283,No
4284,No
4285,No
4286,No
4287,Yes
4288,No
4289,No
4290,No
4291,No
4292,No
4293,No
4294,No
4295,No
4296,No
4297,Yes
4298,No
4299,No
4300,Yes
4301,No
4302,No
4303,No
4304,Yes
4305,No
4306,Yes
4307,No
4308,No
4309,No
4310,Yes
4311,Yes
4312,No
4313,No
4314,No
4315,No
4316,No
4317,No
4318,Yes
4319,No
4320,No
4321,No
4322,No
4323,No
4324,No
4325,No
4326,No
4327,Yes
4328,No
4329,No
4330,Yes
4331,Yes
4332,No
4333,No
4334,No
4335,No
4336,No
4337,No
4338,No
4339,No
4340,No
4341,Yes
4342,No
4343,No
4344,No
4345,No
4346,No
4347,No
4348,No
4349,No
4350,No
4351,No
4352,Yes
4353,No
4354,Yes
4355,No
4356,No
4357,No
4358,Yes
4359,No
4360,No
4361,No
4362,No
4363,No
4364,No
4365,Yes
4366,Yes
4367,No
4368,No
4369,No
4370,No
4371,No
4372,Yes
4373,Yes
4374,No
4375,No
4376,No
4377,No
4378,Yes
4379,No
4380,Yes
4381,No
4382,No
4383,No
4384,No
4385,No
4386,Yes
4387,Yes
4388,Yes
4389,No
4390,Yes
4391,No
4392,Yes
4393,No
4394,Yes
4395,No
4396,No
4397,No
4398,No
4399,Yes
4400,No
4401,Yes
4402,No
4403,No
4404,No
4405,Yes
4406,No
4407,Yes
4408,Yes
4409,No
4410,No
4411,No
4412,No
4413,No
4414,Yes
4415,No
4416,Yes
4417,No
4418,No
4419,No
4420,No
4421,No
4422,No
4423,No
4424,No
4425,No
4426,No
4427,No
4428,No
4429,Yes
4430,No
4431,No
4432,No
4433,Yes
4434,Yes
4435,No
4436,No
4437,No
4438,No
4439,Yes
4440,No
4441,No
4442,No
4443,Yes
4444,Yes
4445,No
4446,No
4447,No
4448,No
4449,Yes
4450,Yes
4451,Yes
4452,No
4453,No
4454,No
4455,No
4456,No
4457,No
4458,Yes
4459,Yes
4460,No
4461,No
4462,No
4463,No
4464,No
4465,Yes
4466,Yes
4467,No
4468,Yes
4469,No
4470,No
4471,No
4472,No
4473,No
4474,No
4475,No
4476,No
4477,No
4478,No
4479,No
4480,No
4481,No
4482,No
4483,No
4484,No
4485,No
4486,No
4487,Yes
4488,No
4489,Yes
4490,No
4491,No
4492,No
4493,No
4494,No
4495,Yes
4496,No
4497,No
4498,No
4499,No
4500,Yes
4501,No
4502,No
4503,Yes
4504,No
4505,No
4506,No
4507,Yes
4508,No
4509,Yes
4510,No
4511,Yes
4512,Yes
4513,No
4514,No
4515,No
4516,No
4517,No
4518,Yes
4519,Yes
4520,Yes
4521,No
4522,Yes
4523,Yes
4524,Yes
4525,No
4526,No
4527,No
4528,No
4529,No
4530,Yes
4531,No
4532,No
4533,No
4534,Yes
4535,No
4536,No
4537,No
4538,No
4539,No
4540,No
4541,No
4542,No
4543,Yes
4544,No
4545,Yes
4546,Yes
4547,No
4548,No
4549,No
4550,No
4551,No
4552,No
4553,No
4554,No
4555,No
4556,No
4557,No
4558,No
4559,No
4560,No
4561,No
4562,Yes
4563,Yes
4564,Yes
4565,No
4566,No
4567,No
4568,Yes
4569,No
4570,No
4571,No
4572,No
4573,No
4574,No
4575,No
4576,Yes
4577,Yes
4578,No
4579,No
4580,No
4581,Yes
4582,Yes
4583,No
4584,Yes
4585,No
4586,No
4587,No
4588,No
4589,No
4590,No
4591,No
4592,Yes
4593,No
4594,No
4595,Yes
4596,No
4597,No
4598,Yes
4599,No
4600,No
4601,No
4602,No
4603,Yes
4604,No
4605,No
4606,Yes
4607,No
4608,No
4609,No
4610,No
4611,No
4612,Yes
4613,No
4614,Yes
4615,No
4616,No
4617,No
4618,No
4619,Yes
4620,No
4621,No
4622,Yes
4623,No
4624,No
4625,No
4626,Yes
4627,Yes
4628,No
4629,No
4630,Yes
4631,No
4632,No
4633,Yes
4634,No
4635,No
4636,No
4637,Yes
4638,Yes
4639,No
4640,No
4641,No
4642,No
4643,No
4644,No
4645,Yes
4646,No
4647,No
4648,Yes
4649,No
4650,No
4651,No
4652,No
4653,Yes
4654,No
4655,No
4656,Yes
4657,No
4658,No
4659,Yes
4660,Yes
4661,No
4662,No
4663,Yes
4664,No
4665,No
4666,No
4667,No
4668,No
4669,No
4670,No
4671,No
4672,No
4673,Yes
4674,No
4675,No
4676,No
4677,No
4678,No
4679,Yes
4680,No
4681,No
4682,Yes
4683,Yes
4684,No
4685,No
4686,No
4687,Yes
4688,No
4689,No
4690,No
4691,No
4692,No
4693,No
4694,No
4695,No
4696,No
4697,No
4698,No
4699,Yes
4700,Yes
4701,Yes
4702,No
4703,No
4704,Yes
4705,Yes
4706,Yes
4707,No
4708,No
4709,No
4710,No
4711,No
4712,No
4713,Yes
4714,Yes
4715,No
4716,Yes
4717,Yes
4718,Yes
4719,No
4720,No
4721,No
4722,No
4723,Yes
4724,Yes
4725,Yes
4726,No
4727,No
4728,No
4729,No
4730,No
4731,No
4732,No
4733,No
4734,No
4735,No
4736,No
4737,No
4738,Yes
4739,No
4740,No
4741,No
4742,No
4743,No
4744,No
4745,No
4746,No
4747,No
4748,Yes
4749,No
4750,Yes
4751,No
4752,Yes
4753,No
4754,No
4755,No
4756,No
4757,No
4758,Yes
4759,Yes
4760,Yes
4761,No
4762,No
4763,No
4764,Yes
4765,No
4766,No
4767,No
4768,No
4769,No
4770,No
4771,Yes
4772,No
4773,No
4774,No
4775,Yes
4776,No
4777,No
4778,No
4779,Yes
4780,No
4781,No
4782,No
4783,No
4784,No
4785,Yes
4786,No
4787,No
4788,Yes
4789,No
4790,No
4791,Yes
4792,No
4793,Yes
4794,Yes
4795,No
4796,Yes
4797,No
4798,No
4799,Yes
4800,Yes
4801,No
4802,No
4803,Yes
4804,No
4805,No
4806,No
4807,No
4808,No
4809,No
4810,No
4811,No
4812,No
4813,No
4814,Yes
4815,No
4816,No
4817,No
4818,Yes
4819,Yes
4820,No
4821,Yes
4822,No
4823,Yes
4824,Yes
4825,No
4826,No
4827,No
4828,No
4829,No
4830,Yes
4831,No
4832,Yes
4833,No
4834,No
4835,No
4836,No
4837,No
4838,Yes
4839,Yes
4840,No
4841,No
4842,No
4843,No
4844,Yes
4845,Yes
4846,Yes
4847,No
4848,Yes
4849,No
4850,No
4851,No
4852,No
4853,No
4854,Yes
4855,No
4856,No
4857,No
4858,No
4859,Yes
4860,No
4861,No
4862,Yes
4863,Yes
4864,Yes
4865,Yes
4866,No
4867,No
4868,No
4869,No
4870,Yes
4871,No
4872,No
4873,No
4874,No
4875,No
4876,No
4877,No
4878,Yes
4879,No
4880,Yes
4881,Yes
4882,No
4883,No
4884,No
4885,Yes
4886,No
4887,Yes
4888,No
4889,No
4890,No
4891,Yes
4892,No
4893,No
4894,Yes
4895,Yes
4896,Yes
4897,No
4898,No
4899,No
4900,No
4901,Yes
4902,Yes
4903,No
4904,No
4905,No
4906,No
4907,No
4908,No
4909,Yes
4910,No
4911,Yes
4912,No
4913,Yes
4914,No
4915,No
4916,No
4917,No
4918,No
4919,No
4920,No
4921,No
4922,No
4923,Yes
4924,No
4925,No
4926,Yes
4927,Yes
4928,No
4929,No
4930,No
4931,No
4932,No
4933,No
4934,No
4935,No
4936,No
4937,No
4938,No
4939,No
4940,Yes
4941,No
4942,No
4943,No
4944,No
4945,Yes
4946,Yes
4947,No
4948,Yes
4949,No
4950,No
4951,No
4952,No
4953,Yes
4954,No
4955,No
4956,Yes
4957,No
4958,No
4959,No
4960,No
4961,Yes
4962,No
4963,Yes
4964,No
4965,No
4966,No
4967,No
4968,No
4969,No
4970,No
4971,No
4972,No
4973,No
4974,No
4975,No
4976,No
4977,Yes
4978,Yes
4979,Yes
4980,No
4981,No
4982,No
4983,No
4984,No
4985,No
4986,No
4987,No
4988,Yes
4989,No
4990,No
4991,No
4992,No
4993,Yes
4994,No
4995,No
4996,No
4997,No
4998,Yes
4999,No
5000,No
5001,No
5002,No
5003,Yes
5004,No
5005,Yes
5006,No
5007,Yes
5008,No
5009,No
5010,No
5011,Yes
5012,No
5013,No
5014,No
5015,No
5016,No
5017,No
5018,No
5019,No
5020,No
5021,No
5022,No
5023,No
5024,No
5025,No
5026,No
5027,No
5028,No
5029,No
5030,No
5031,No
5032,No
5033,Yes
5034,No
5035,Yes
5036,Yes
5037,No
5038,Yes
5039,No
5040,Yes
5041,Yes
5042,No
5043,No
5044,No
5045,Yes
5046,No
5047,No
5048,No
5049,No
5050,Yes
5051,No
5052,No
5053,No
5054,Yes
5055,No
5056,No
5057,No
5058,No
5059,No
5060,No
5061,No
5062,No
5063,No
5064,No
5065,No
5066,Yes
5067,No
5068,No
5069,No
5070,No
5071,No
5072,No
5073,No
5074,Yes
5075,Yes
5076,No
5077,No
5078,No
5079,No
5080,No
5081,No
5082,No
5083,No
5084,Yes
5085,No
5086,Yes
5087,No
5088,No
5089,No
5090,No
5091,Yes
5092,Yes
5093,No
5094,No
5095,No
5096,Yes
5097,No
5098,No
5099,No
5100,No
5101,No
5102,No
5103,No
5104,No
5105,No
5106,No
5107,No
5108,No
5109,No
5110,No
5111,No
5112,No
5113,No
5114,Yes
5115,No
5116,No
5117,No
5118,Yes
5119,Yes
5120,Yes
5121,Yes
5122,Yes
5123,No
5124,Yes
5125,No
5126,No
5127,No
5128,Yes
5129,No
5130,No
5131,No
5132,No
5133,No
5134,No
5135,No
5136,No
5137,No
5138,No
5139,Yes
5140,No
5141,No
5142,No
5143,No
5144,No
5145,No
5146,No
5147,No
5148,No
5149,No
5150,No
5151,Yes
5152,No
5153,No
5154,No
5155,No
5156,Yes
5157,No
5158,No
5159,No
5160,No
5161,No
5162,No
5163,Yes
5164,Yes
5165,No
5166,Yes
5167,No
5168,No
5169,No
5170,Yes
5171,Yes
5172,Yes
5173,No
5174,No
5175,No
5176,No
5177,No
5178,No
5179,No
5180,No
5181,No
5182,No
5183,No
5184,No
5185,No
5186,No
5187,No
5188,No
5189,No
5190,No
5191,No
5192,No
5193,Yes
5194,Yes
5195,No
5196,No
5197,No
5198,No
5199,No
5200,No
5201,No
5202,No
5203,No
5204,Yes
5205,No
5206,No
5207,No
5208,Yes
5209,Yes
5210,Yes
5211,No
5212,No
5213,No
5214,Yes
5215,No
5216,No
5217,No
5218,No
5219,No
5220,No
5221,Yes
5222,No
5223,No
5224,No
5225,No
5226,No
5227,No
5228,Yes
5229,Yes
5230,No
5231,No
5232,No
5233,Yes
5234,No
5235,No
5236,No
5237,No
5238,Yes
5239,No
5240,No
5241,No
5242,No
5243,No
5244,No
5245,No
5246,No
5247,Yes
5248,No
5249,No
5250,Yes
5251,No
5252,No
5253,Yes
5254,No
5255,No
5256,No
5257,No
5258,No
5259,Yes
5260,No
5261,No
5262,No
5263,No
5264,Yes
5265,No
5266,No
5267,No
5268,Yes
5269,No
5270,Yes
5271,No
5272,No
5273,Yes
5274,Yes
5275,No
5276,No
5277,No
5278,No
5279,Yes
5280,No
5281,Yes
5282,Yes
5283,No
5284,No
5285,No
5286,No
5287,No
5288,No
5289,No
5290,No
5291,No
5292,No
5293,No
5294,No
5295,Yes
5296,No
5297,No
5298,Yes
5299,No
5300,No
5301,No
5302,No
5303,No
5304,No
5305,No
5306,No
5307,No
5308,No
5309,No
5310,No
5311,No
5312,No
5313,No
5314,No
5315,No
5316,No
5317,Yes
5318,No
5319,Yes
5320,Yes
5321,Yes
5322,No
5323,No
5324,Yes
5325,No
5326,No
5327,No
5328,No
5329,Yes
5330,No
5331,No
5332,Yes
5333,No
5334,No
5335,Yes
5336,No
5337,Yes
5338,No
5339,No
5340,Yes
5341,No
5342,No
5343,Yes
5344,No
5345,No
5346,No
5347,No
5348,Yes
5349,No
5350,No
5351,Yes
5352,Yes
5353,No
5354,Yes
5355,Yes
5356,No
5357,No
5358,Yes
5359,Yes
5360,No
5361,No
5362,No
5363,Yes
5364,No
5365,No
5366,No
5367,No
5368,No
5369,No
5370,Yes
5371,No
5372,No
5373,No
5374,No
5375,Yes
5376,Yes
5377,Yes
5378,Yes
5379,Yes
5380,No
5381,No
5382,Yes
5383,Yes
5384,No
5385,No
5386,No
5387,Yes
5388,No
5389,No
5390,No
5391,No
5392,No
5393,No
5394,No
5395,No
5396,No
5397,No
5398,No
5399,No
5400,No
5401,No
5402,No
5403,Yes
5404,Yes
5405,No
5406,No
5407,No
5408,No
5409,No
5410,No
5411,No
5412,No
5413,No
5414,No
5415,No
5416,No
5417,No
5418,No
5419,No
5420,Yes
5421,No
5422,No
5423,No
5424,No
5425,No
5426,No
5427,Yes
5428,No
5429,No
5430,Yes
5431,No
5432,No
5433,No
5434,No
5435,Yes
5436,No
5437,Yes
5438,No
5439,Yes
5440,No
5441,No
5442,No
5443,Yes
5444,Yes
5445,Yes
5446,No
5447,Yes
5448,Yes
5449,No
5450,No
5451,No
5452,No
5453,No
5454,No
5455,No
5456,No
5457,No
5458,No
5459,No
5460,No
5461,No
5462,No
5463,Yes
5464,Yes
5465,No
5466,No
5467,No
5468,No
5469,No
5470,No
5471,Yes
5472,Yes
5473,No
5474,No
5475,No
5476,Yes
5477,Yes
5478,Yes
5479,No
5480,No
5481,No
5482,No
5483,No
5484,No
5485,Yes
5486,No
5487,No
5488,No
5489,Yes
5490,No
5491,Yes
5492,No
5493,No
5494,No
5495,No
5496,Yes
5497,No
5498,No
5499,No
5500,No
5501,No
5502,No
5503,No
5504,No
5505,No
5506,No
5507,Yes
5508,No
5509,No
5510,No
5511,Yes
5512,No
5513,No
5514,No
5515,No
5516,No
5517,No
5518,No
5519,No
5520,No
5521,No
5522,No
5523,Yes
5524,No
5525,No
5526,No
5527,No
5528,No
5529,Yes
5530,No
5531,Yes
5532,Yes
5533,No
5534,No
5535,Yes
5536,No
5537,No
5538,No
5539,No
5540,Yes
5541,No
5542,Yes
5543,No
5544,No
5545,No
5546,No
5547,No
5548,Yes
5549,No
5550,No
5551,No
5552,No
5553,Yes
5554,No
5555,No
5556,Yes
5557,No
5558,Yes
5559,Yes
5560,No
5561,No
5562,No
5563,No
5564,No
5565,No
5566,No
5567,No
5568,No
5569,No
5570,Yes
5571,Yes
5572,No
5573,No
5574,No
5575,No
5576,No
5577,No
5578,No
5579,Yes
5580,No
5581,No
5582,No
5583,No
5584,No
5585,No
5586,No
5587,No
5588,No
5589,No
5590,No
5591,No
5592,Yes
5593,No
5594,No
5595,No
5596,No
5597,Yes
5598,No
5599,No
5600,No
5601,No
5602,No
5603,No
5604,Yes
5605,No
5606,No
5607,Yes
5608,No
5609,No
5610,Yes
5611,Yes
5612,Yes
5613,Yes
5614,No
5615,No
5616,Yes
5617,Yes
5618,No
5619,No
5620,No
5621,No
5622,No
5623,No
5624,No
5625,No
5626,No
5627,Yes
5628,No
5629,No
5630,No
5631,No
5632,No
5633,No
5634,No
5635,Yes
5636,Yes
5637,No
5638,Yes
5639,No
5640,Yes
5641,No
5642,No
5643,Yes
5644,No
5645,No
5646,No
5647,No
5648,Yes
5649,No
5650,No
5651,No
5652,No
5653,No
5654,No
5655,No
5656,No
5657,No
5658,No
5659,No
5660,No
5661,No
5662,No
5663,No
5664,No
5665,No
5666,Yes
5667,No
5668,No
5669,No
5670,Yes
5671,No
5672,Yes
5673,No
5674,No
5675,No
5676,No
5677,No
5678,Yes
5679,No
5680,No
5681,No
5682,No
5683,No
5684,No
5685,No
5686,No
5687,No
5688,No
5689,No
5690,No
5691,No
5692,No
5693,No
5694,No
5695,No
5696,No
5697,No
5698,No
5699,No
5700,No
5701,Yes
5702,Yes
5703,No
5704,No
5705,No
5706,Yes
5707,No
5708,No
5709,No
5710,No
5711,No
5712,No
5713,No
5714,No
5715,No
5716,No
5717,Yes
5718,Yes
5719,No
5720,Yes
5721,No
5722,No
5723,No
5724,No
5725,Yes
5726,Yes
5727,No
5728,No
5729,No
5730,No
5731,No
5732,Yes
5733,Yes
5734,No
5735,Yes
5736,No
5737,No
5738,No
5739,Yes
5740,No
5741,No
5742,No
5743,No
5744,Yes
5745,No
5746,No
5747,Yes
5748,No
5749,Yes
5750,No
5751,Yes
5752,No
5753,Yes
5754,No
5755,No
5756,No
5757,No
5758,No
5759,No
5760,No
5761,Yes
5762,No
5763,No
5764,No
5765,Yes
5766,No
5767,No
5768,No
5769,No
5770,No
5771,No
5772,No
5773,Yes
5774,No
5775,No
5776,No
5777,No
5778,No
5779,No
5780,No
5781,No
5782,Yes
5783,No
5784,No
5785,No
5786,No
5787,Yes
5788,No
5789,Yes
5790,No
5791,Yes
5792,No
5793,Yes
5794,Yes
5795,No
5796,No
5797,No
5798,No
5799,No
5800,No
5801,No
5802,No
5803,No
5804,Yes
5805,Yes
5806,No
5807,No
5808,No
5809,Yes
5810,No
5811,No
5812,Yes
5813,Yes
5814,No
5815,Yes
5816,Yes
5817,No
5818,Yes
5819,No
5820,Yes
5821,Yes
5822,Yes
5823,No
5824,Yes
5825,No
5826,Yes
5827,No
5828,No
5829,Yes
5830,No
5831,No
5832,No
5833,No
5834,No
5835,No
5836,Yes
5837,No
5838,No
5839,No
5840,Yes
5841,No
5842,Yes
5843,Yes
5844,No
5845,Yes
5846,Yes
5847,No
5848,No
5849,No
5850,Yes
5851,No
5852,Yes
5853,No
5854,No
5855,No
5856,No
5857,No
5858,Yes
5859,Yes
5860,No
5861,Yes
5862,Yes
5863,Yes
5864,No
5865,Yes
5866,No
5867,No
5868,No
5869,Yes
5870,No
5871,No
5872,Yes
5873,No
5874,Yes
5875,No
5876,No
5877,No
5878,No
5879,No
5880,Yes
5881,No
5882,Yes
5883,No
5884,No
5885,No
5886,No
5887,No
5888,Yes
5889,No
5890,No
5891,Yes
5892,No
5893,Yes
5894,No
5895,No
5896,Yes
5897,No
5898,Yes
5899,No
5900,Yes
5901,No
5902,No
5903,No
5904,No
5905,Yes
5906,Yes
5907,No
5908,No
5909,Yes
5910,No
5911,No
5912,No
5913,No
5914,No
5915,No
5916,No
5917,No
5918,No
5919,No
5920,No
5921,No
5922,No
5923,Yes
5924,No
5925,No
5926,No
5927,No
5928,No
5929,Yes
5930,No
5931,No
5932,No
5933,Yes
5934,No
5935,No
5936,No
5937,No
5938,No
5939,No
5940,No
5941,No
5942,No
5943,No
5944,No
5945,Yes
5946,No
5947,Yes
5948,Yes
5949,No
5950,No
5951,No
5952,No
5953,No
5954,No
5955,Yes
5956,No
5957,Yes
5958,No
5959,Yes
5960,No
5961,No
5962,Yes
5963,Yes
5964,No
5965,No
5966,Yes
5967,Yes
5968,Yes
5969,Yes
5970,Yes
5971,No
5972,No
5973,No
5974,No
5975,Yes
5976,Yes
5977,No
5978,Yes
5979,Yes
5980,No
5981,No
5982,Yes
5983,Yes
5984,No
5985,No
5986,No
5987,No
5988,No
5989,No
5990,No
5991,Yes
5992,No
5993,No
5994,No
5995,No
5996,No
5997,No
5998,Yes
5999,Yes
6000,No
6001,Yes
6002,No
6003,No
6004,No
6005,No
6006,No
6007,No
6008,No
6009,No
6010,No
6011,No
6012,Yes
6013,Yes
6014,No
6015,No
6016,No
6017,No
6018,No
6019,No
6020,No
6021,No
6022,No
6023,Yes
6024,No
6025,No
6026,Yes
6027,No
6028,No
6029,No
6030,Yes
6031,No
6032,No
6033,No
6034,No
6035,Yes
6036,No
6037,Yes
6038,No
6039,No
6040,Yes
6041,No
6042,Yes
6043,No
6044,No
6045,Yes
6046,Yes
6047,Yes
6048,No
6049,No
6050,No
6051,No
6052,No
6053,No
6054,Yes
6055,Yes
6056,No
6057,No
6058,No
6059,No
6060,Yes
6061,No
6062,Yes
6063,No
6064,No
6065,No
6066,No
6067,No
6068,Yes
6069,Yes
6070,No
6071,No
6072,Yes
6073,Yes
6074,Yes
6075,No
6076,No
6077,Yes
6078,No
6079,Yes
6080,Yes
6081,No
6082,Yes
6083,No
6084,No
6085,No
6086,No
6087,No
6088,No
6089,No
6090,No
6091,No
6092,No
6093,Yes
6094,Yes
6095,Yes
6096,No
6097,Yes
6098,No
6099,Yes
6100,No
6101,No
6102,No
6103,No
6104,Yes
6105,No
6106,No
6107,No
6108,No
6109,No
6110,Yes
6111,No
6112,Yes
6113,No
6114,No
6115,No
6116,Yes
6117,No
6118,Yes
6119,Yes
6120,No
6121,No
6122,No
6123,No
6124,Yes
6125,No
6126,No
6127,No
6128,No
6129,No
6130,No
6131,No
6132,No
6133,No
6134,No
6135,No
6136,No
6137,No
6138,No
6139,Yes
6140,No
6141,No
6142,No
6143,No
6144,Yes
6145,No
6146,No
6147,No
6148,No
6149,No
6150,No
6151,No
6152,Yes
6153,No
6154,Yes
6155,Yes
6156,No
6157,No
6158,No
6159,No
6160,No
6161,No
6162,Yes
6163,No
6164,No
6165,No
6166,No
6167,Yes
6168,No
6169,No
6170,No
6171,No
6172,No
6173,Yes
6174,No
6175,No
6176,No
6177,No
6178,No
6179,No
6180,No
6181,No
6182,No
6183,No
6184,No
6185,No
6186,No
6187,Yes
6188,No
6189,Yes
6190,No
6191,No
6192,No
6193,No
6194,No
6195,No
6196,Yes
6197,Yes
6198,No
6199,No
6200,No
6201,No
6202,No
6203,No
6204,No
6205,No
6206,No
6207,No
6208,No
6209,No
6210,Yes
6211,No
6212,No
6213,No
6214,No
6215,No
6216,No
6217,No
6218,No
6219,Yes
6220,No
6221,No
6222,No
6223,No
6224,No
6225,Yes
6226,No
6227,Yes
6228,No
6229,Yes
6230,No
6231,No
6232,No
6233,No
6234,No
6235,No
6236,No
6237,No
6238,No
6239,No
6240,No
6241,Yes
6242,Yes
6243,No
6244,No
6245,No
6246,No
6247,No
6248,No
6249,No
6250,No
6251,No
6252,Yes
6253,Yes
6254,Yes
6255,No
6256,Yes
6257,No
6258,No
6259,Yes
6260,No
6261,Yes
6262,No
6263,Yes
6264,No
6265,Yes
6266,No
6267,No
6268,No
6269,Yes
6270,Yes
6271,No
6272,No
6273,No
6274,No
6275,No
6276,No
6277,No
6278,No
6279,No
6280,No
6281,No
6282,No
6283,Yes
6284,No
6285,Yes
6286,Yes
6287,Yes
6288,No
6289,No
6290,No
6291,No
6292,No
6293,Yes
6294,No
6295,No
6296,No
6297,No
6298,No
6299,No
6300,No
6301,No
6302,No
6303,No
6304,Yes
6305,No
6306,Yes
6307,No
6308,No
6309,Yes
6310,No
6311,Yes
6312,No
6313,No
6314,No
6315,Yes
6316,No
6317,No
6318,No
6319,Yes
6320,No
6321,No
6322,No
6323,No
6324,No
6325,No
6326,No
6327,No
6328,Yes
6329,Yes
6330,No
6331,No
6332,Yes
6333,No
6334,No
6335,No
6336,Yes
6337,Yes
6338,Yes
6339,No
6340,No
6341,Yes
6342,Yes
6343,No
6344,Yes
6345,No
6346,No
6347,No
6348,No
6349,No
6350,Yes
6351,No
6352,No
6353,Yes
6354,Yes
6355,No
6356,No
6357,No
6358,No
6359,No
6360,No
6361,No
6362,No
6363,Yes
6364,No
6365,Yes
6366,No
6367,No
6368,No
6369,No
6370,No
6371,No
6372,No
6373,No
6374,Yes
6375,No
6376,No
6377,No
6378,No
6379,No
6380,No
6381,Yes
6382,No
6383,No
6384,Yes
6385,No
6386,No
6387,No
6388,No
6389,Yes
6390,No
6391,Yes
6392,No
6393,No
6394,No
6395,Yes
6396,No
6397,No
6398,Yes
6399,Yes
6400,No
6401,No
6402,Yes
6403,No
6404,Yes
6405,No
6406,No
6407,No
6408,Yes
6409,No
6410,No
6411,Yes
6412,No
6413,No
6414,Yes
6415,No
6416,No
6417,Yes
6418,No
6419,Yes
6420,No
6421,Yes
6422,No
6423,Yes
6424,No
6425,No
6426,Yes
6427,No
6428,No
6429,No
6430,Yes
6431,No
6432,No
6433,Yes
6434,No
6435,No
6436,No
6437,No
6438,No
6439,No
6440,No
6441,No
6442,No
6443,No
6444,No
6445,No
6446,No
6447,Yes
6448,No
6449,Yes
6450,No
6451,No
6452,Yes
6453,Yes
6454,No
6455,No
6456,No
6457,No
6458,No
6459,Yes
6460,Yes
6461,No
6462,No
6463,No
6464,No
6465,No
6466,Yes
6467,No
6468,No
6469,No
6470,Yes
6471,Yes
6472,No
6473,No
6474,No
6475,No
6476,Yes
6477,No
6478,Yes
6479,No
6480,Yes
6481,No
6482,No
6483,Yes
6484,No
6485,Yes
6486,No
6487,No
6488,No
6489,No
6490,No
6491,No
6492,No
6493,Yes
6494,No
6495,No
6496,No
6497,No
6498,No
6499,No
6500,No
6501,No
6502,Yes
6503,No
6504,No
6505,No
6506,No
6507,Yes
6508,Yes
6509,Yes
6510,Yes
6511,No
6512,Yes
6513,No
6514,No
6515,Yes
6516,Yes
6517,No
6518,No
6519,No
6520,No
6521,No
6522,No
6523,Yes
6524,No
6525,No
6526,No
6527,No
6528,No
6529,No
6530,No
6531,No
6532,Yes
6533,No
6534,Yes
6535,No
6536,No
6537,No
6538,No
6539,No
6540,No
6541,Yes
6542,No
6543,No
6544,No
6545,No
6546,Yes
6547,No
6548,No
6549,No
6550,No
6551,Yes
6552,No
6553,No
6554,No
6555,Yes
6556,No
6557,No
6558,Yes
6559,Yes
6560,Yes
6561,Yes
6562,Yes
6563,No
6564,Yes
6565,No
6566,No
6567,No
6568,No
6569,Yes
6570,No
6571,No
6572,No
6573,No
6574,No
6575,Yes
6576,No
6577,No
6578,No
6579,Yes
6580,Yes
6581,No
6582,No
6583,No
6584,No
6585,Yes
6586,No
6587,Yes
6588,No
6589,No
6590,Yes
6591,No
6592,Yes
6593,No
6594,No
6595,No
6596,No
6597,Yes
6598,No
6599,Yes
6600,Yes
6601,No
6602,No
6603,No
6604,No
6605,No
6606,Yes
6607,Yes
6608,Yes
6609,No
6610,No
6611,No
6612,Yes
6613,No
6614,No
6615,Yes
6616,Yes
6617,Yes
6618,No
6619,No
6620,No
6621,No
6622,No
6623,No
6624,No
6625,No
6626,No
6627,No
6628,No
6629,Yes
6630,No
6631,No
6632,Yes
6633,No
6634,No
6635,No
6636,No
6637,No
6638,No
6639,Yes
6640,No
6641,Yes
6642,No
6643,No
6644,No
6645,Yes
6646,No
6647,No
6648,No
6649,No
6650,No
6651,Yes
6652,Yes
6653,No
6654,No
6655,No
6656,Yes
6657,No
6658,No
6659,No
6660,No
6661,No
6662,No
6663,No
6664,No
6665,No
6666,No
6667,Yes
6668,No
6669,Yes
6670,No
6671,No
6672,Yes
6673,No
6674,No
6675,Yes
6676,No
6677,No
6678,No
6679,Yes
6680,Yes
6681,No
6682,Yes
6683,No
6684,No
6685,No
6686,No
6687,Yes
6688,No
6689,No
6690,Yes
6691,Yes
6692,No
6693,No
6694,No
6695,No
6696,No
6697,Yes
6698,No
6699,No
6700,No
6701,Yes
6702,No
6703,No
6704,No
6705,Yes
6706,Yes
6707,Yes
6708,No
6709,No
6710,No
6711,Yes
6712,No
6713,No
6714,No
6715,No
6716,Yes
6717,No
6718,No
6719,No
6720,No
6721,Yes
6722,No
6723,No
6724,No
6725,No
6726,No
6727,No
6728,No
6729,No
6730,No
6731,No
6732,No
6733,No
6734,No
6735,Yes
6736,Yes
6737,No
6738,No
6739,No
6740,No
6741,No
6742,No
6743,No
6744,Yes
6745,No
6746,Yes
6747,No
6748,No
6749,Yes
6750,No
6751,No
6752,No
6753,Yes
6754,No
6755,No
6756,No
6757,No
6758,No
6759,Yes
6760,No
6761,No
6762,Yes
6763,No
6764,No
6765,No
6766,No
6767,Yes
6768,No
6769,No
6770,No
6771,No
6772,No
6773,No
6774,No
6775,No
6776,No
6777,No
6778,No
6779,Yes
6780,No
6781,No
6782,No
6783,No
6784,No
6785,No
6786,No
6787,Yes
6788,No
6789,No
6790,No
6791,No
6792,Yes
6793,No
6794,Yes
6795,No
6796,No
6797,Yes
6798,No
6799,No
6800,No
6801,No
6802,Yes
6803,No
6804,No
6805,No
6806,Yes
6807,No
6808,Yes
6809,No
6810,No
6811,Yes
6812,No
6813,No
6814,Yes
6815,Yes
6816,No
6817,No
6818,No
6819,No
6820,No
6821,No
6822,No
6823,Yes
6824,No
6825,No
6826,No
6827,No
6828,No
6829,Yes
6830,No
6831,No
6832,No
6833,No
6834,Yes
6835,Yes
6836,Yes
6837,No
6838,Yes
6839,Yes
6840,No
6841,No
6842,No
6843,No
6844,Yes
6845,No
6846,No
6847,No
6848,No
6849,No
6850,No
6851,Yes
6852,No
6853,No
6854,No
6855,Yes
6856,No
6857,No
6858,Yes
6859,No
6860,No
6861,No
6862,No
6863,No
6864,No
6865,Yes
6866,No
6867,No
6868,Yes
6869,No
6870,Yes
6871,Yes
6872,No
6873,No
6874,Yes
6875,No
6876,Yes
6877,Yes
6878,No
6879,No
6880,Yes
6881,No
6882,No
6883,Yes
6884,No
6885,No
6886,No
6887,Yes
6888,No
6889,No
6890,No
6891,No
6892,No
6893,Yes
6894,No
6895,No
6896,No
6897,No
6898,No
6899,No
6900,No
6901,No
6902,Yes
6903,No
6904,No
6905,No
6906,Yes
6907,Yes
6908,No
6909,No
6910,No
6911,No
6912,Yes
6913,No
6914,No
6915,No
6916,No
6917,No
6918,Yes
6919,No
6920,No
6921,No
6922,Yes
6923,No
6924,Yes
6925,No
6926,No
6927,Yes
6928,Yes
6929,No
6930,No
6931,Yes
6932,No
6933,No
6934,No
6935,No
6936,No
6937,Yes
6938,No
6939,Yes
6940,No
6941,Yes
6942,No
6943,No
6944,No
6945,No
6946,No
6947,Yes
6948,No
6949,No
6950,No
6951,No
6952,Yes
6953,No
6954,No
6955,No
6956,No
6957,No
6958,No
6959,No
6960,No
6961,Yes
6962,No
6963,No
6964,No
6965,No
6966,No
6967,No
6968,No
6969,Yes
6970,No
6971,Yes
6972,Yes
6973,Yes
6974,Yes
6975,Yes
6976,No
6977,No
6978,No
6979,Yes
6980,No
6981,Yes
6982,No
6983,No
6984,No
6985,No
6986,Yes
6987,No
6988,Yes
6989,No
6990,No
6991,Yes
6992,Yes
6993,Yes
6994,Yes
6995,No
6996,No
6997,No
6998,Yes
6999,Yes
7000,No
7001,No
7002,No
7003,Yes
7004,No
7005,No
7006,No
7007,No
7008,No
7009,Yes
7010,No
7011,Yes
7012,No
7013,No
7014,No
7015,No
7016,Yes
7017,No
7018,No
7019,No
7020,No
7021,Yes
7022,Yes
7023,No
7024,No
7025,No
7026,No
7027,No
7028,No
7029,No
7030,No
7031,Yes
7032,No
7033,No
7034,No
7035,No
7036,Yes
7037,No
7038,Yes
7039,No
7040,Yes
7041,No
7042,No
7043,No
7044,Yes
7045,Yes
7046,No
7047,No
7048,Yes
7049,Yes
7050,No
7051,Yes
7052,No
7053,Yes
7054,No
7055,No
7056,No
7057,No
7058,No
7059,No
7060,No
7061,No
7062,No
7063,No
7064,No
7065,Yes
7066,No
7067,No
7068,No
7069,Yes
7070,No
7071,No
7072,No
7073,Yes
7074,No
7075,No
7076,No
7077,No
7078,No
7079,No
7080,No
7081,No
7082,Yes
7083,No
7084,No
7085,No
7086,No
7087,No
7088,No
7089,No
7090,No
7091,Yes
7092,No
7093,No
7094,No
7095,No
7096,No
7097,No
7098,No
7099,No
7100,No
7101,Yes
7102,No
7103,Yes
7104,No
7105,No
7106,No
7107,Yes
7108,No
7109,Yes
7110,No
7111,No
7112,No
7113,Yes
7114,No
7115,No
7116,Yes
7117,No
7118,Yes
7119,No
7120,No
7121,No
7122,Yes
7123,Yes
7124,Yes
7125,No
7126,Yes
7127,No
7128,No
7129,Yes
7130,No
7131,Yes
7132,Yes
7133,No
7134,No
7135,No
7136,Yes
7137,No
7138,Yes
7139,Yes
7140,No
7141,No
7142,No
7143,No
7144,No
7145,No
7146,No
7147,No
7148,No
7149,No
7150,Yes
7151,Yes
7152,No
7153,No
7154,Yes
7155,Yes
7156,Yes
7157,No
7158,No
7159,No
7160,No
7161,No
7162,No
7163,No
7164,No
7165,Yes
7166,No
7167,Yes
7168,Yes
7169,No
7170,No
7171,No
7172,Yes
7173,No
7174,Yes
7175,No
7176,Yes
7177,No
7178,No
7179,No
7180,Yes
7181,No
7182,Yes
7183,Yes
7184,No
7185,Yes
7186,No
7187,Yes
7188,No
7189,No
7190,Yes
7191,Yes
7192,Yes
7193,No
7194,No
7195,No
7196,No
7197,No
7198,Yes
7199,No
7200,No
7201,Yes
7202,No
7203,No
7204,No
7205,No
7206,No
7207,No
7208,Yes
7209,No
7210,Yes
7211,No
7212,Yes
7213,No
7214,Yes
7215,No
7216,Yes
7217,No
7218,Yes
7219,No
7220,No
7221,No
7222,No
7223,No
7224,No
7225,Yes
7226,Yes
7227,No
7228,No
7229,Yes
7230,No
7231,No
7232,Yes
7233,Yes
7234,Yes
7235,No
7236,No
7237,No
7238,Yes
7239,No
7240,Yes
7241,No
7242,Yes
7243,Yes
7244,Yes
7245,No
7246,No
7247,Yes
7248,No
7249,Yes
7250,Yes
7251,No
7252,No
7253,No
7254,No
7255,Yes
7256,Yes
7257,No
7258,Yes
7259,No
7260,No
7261,No
7262,No
7263,No
7264,Yes
7265,No
7266,Yes
7267,No
7268,No
7269,No
7270,No
7271,No
7272,No
7273,No
7274,No
7275,No
7276,No
7277,No
7278,No
7279,No
7280,Yes
7281,No
7282,No
7283,No
7284,No
7285,No
7286,No
7287,No
7288,Yes
7289,No
7290,No
7291,No
7292,No
7293,Yes
7294,No
7295,Yes
7296,No
7297,No
7298,No
7299,Yes
7300,No
7301,No
7302,Yes
7303,No
7304,No
7305,No
7306,Yes
7307,No
7308,No
7309,Yes
7310,No
7311,No
7312,No
7313,No
7314,No
7315,No
7316,No
7317,No
7318,No
7319,No
7320,No
7321,No
7322,No
7323,Yes
7324,No
7325,No
7326,No
7327,No
7328,No
7329,No
7330,No
7331,Yes
7332,No
7333,No
7334,No
7335,No
7336,Yes
7337,Yes
7338,Yes
7339,No
7340,No
7341,No
7342,No
7343,Yes
7344,No
7345,Yes
7346,Yes
7347,No
7348,No
7349,No
7350,Yes
7351,No
7352,No
7353,No
7354,No
7355,No
7356,No
7357,No
7358,No
7359,Yes
7360,No
7361,No
7362,No
7363,No
7364,No
7365,No
7366,No
7367,No
7368,No
7369,No
7370,No
7371,No
7372,No
7373,No
7374,Yes
7375,Yes
7376,No
7377,Yes
7378,Yes
7379,No
7380,Yes
7381,No
7382,Yes
7383,Yes
7384,No
7385,No
7386,No
7387,No
7388,No
7389,Yes
7390,No
7391,No
7392,No
7393,Yes
7394,Yes
7395,Yes
7396,Yes
7397,No
7398,Yes
7399,Yes
7400,No
7401,No
7402,No
7403,No
7404,Yes
7405,Yes
7406,No
7407,No
7408,No
7409,No
7410,No
7411,Yes
7412,No
7413,Yes
7414,No
7415,No
7416,No
7417,No
7418,No
7419,No
7420,No
7421,No
7422,No
7423,No
7424,No
7425,No
7426,Yes
7427,Yes
7428,Yes
7429,No
7430,Yes
7431,Yes
7432,No
7433,No
7434,Yes
7435,No
7436,Yes
7437,No
7438,Yes
7439,No
7440,No
7441,No
7442,Yes
7443,No
7444,Yes
7445,No
7446,No
7447,No
7448,No
7449,No
7450,Yes
7451,No
7452,No
7453,No
7454,No
7455,No
7456,No
7457,No
7458,Yes
7459,Yes
7460,Yes
7461,No
7462,No
7463,No
7464,No
7465,No
7466,No
7467,No
7468,No
7469,No
7470,No
7471,No
7472,No
7473,Yes
7474,No
7475,No
7476,No
7477,No
7478,No
7479,No
7480,Yes
7481,No
7482,No
7483,No
7484,Yes
7485,No
7486,Yes
7487,Yes
7488,No
7489,No
7490,No
7491,Yes
7492,No
7493,Yes
7494,No
7495,No
7496,No
7497,No
7498,Yes
7499,Yes
